name,id,source,Related ID,complete,host,date,loc,Originating Lab,Submission Date,Submitting Lab
BetaCoV/Italy/CDG1/2020,EPI_ISL_412973,GISAID,,Complete,Homo Sapiens,2020-02-20,Italy / Lombardy,"Department of Infectious Diseases, Istituto Superiore di Sanità, Roma , Italy",2020-03-01,"Virology Laboratory, Scientific Department, Army Medical Center"
BetaCoV/Mexico/CDMX/InDRE_01/2020,EPI_ISL_412972,GISAID,,Complete,Homo Sapiens,2020-02-27,Mexico / Mexico City,Instituto Nacional de Enfermedades Respiratorias,2020-03-01,Instituto de Diagnostico y Referencia Epidemiologicos (INDRE)
BetaCoV/Italy/SPL1/2020,EPI_ISL_412974,GISAID,,Complete,Homo Sapiens,2020-01-29,Italy / Rome,"Department of Infectious Diseases, Istituto Superiore di Sanità, Rome, Italy",2020-03-01,"Virology Laboratory, Scientific Department, Army Medical Center"
BetaCoV/Australia/NSW05/2020,EPI_ISL_412975,GISAID,,Complete,Homo Sapiens,2020-02-28,Australia / New South Wales / Sydney,Centre for Infectious Diseases and Microbiology Laboratory Services,2020-03-02,NSW Health Pathology - Institute of Clinical Pathology and Medical Research; Westmead Hospital; University of Sydney
BetaCoV/Finland/FIN-25/2020,EPI_ISL_412971,GISAID,,Complete/multiple gaps,Homo Sapiens,2020-02-25,Finland / Helsinki,"HUS Diagnostiikkakeskus, Hallinto",2020-03-01,"Department of Virology Faculty of Medicine, Medicum University of Helsinki"
BetaCoV/USA/WA2/2020,EPI_ISL_412970,GISAID,,Complete,Homo Sapiens,2020-02-24,United States / Washington / Snohomish County,Washington State Department of Health,2020-03-01,Seattle Flu Study
SARS-CoV-2/IQTC02/human/2020/CHN,MT123291,GenBank,EPI_ISL_412967,Complete,Homo sapiens,2020-01-29,China / Guangdong / Guangzhou,,2020-02-28,"Technology Centre, Guangzhou Customs"
SARS-CoV-2/IQTC01/human/2020/CHN,MT123290,GenBank,EPI_ISL_412966,Complete,Homo sapiens,2020-02-05,China / Guangdong / Guangzhou,,2020-02-27,"Technology Centre, Guangzhou Customs"
SARS-CoV-2/Hu/DP/Kng/19-027,LC528233,GenBank,EPI_ISL_412969,Complete,Homo sapiens,2020-02-10,Japan / Kanagawa,,2020-02-26,"Takayuki Hishiki Kanagawa Prefectural Institute of Public Health, Department of Microbiology, Kanagawa, Japan"
SARS-CoV-2/Hu/DP/Kng/19-020,LC528232,GenBank,EPI_ISL_412968,Complete,Homo sapiens,2020-02-10,Japan / Kanagawa,,2020-02-26,"Takayuki Hishiki Kanagawa Prefectural Institute of Public Health, Department of Microbiology, Kanagawa, Japan"
BetaCoV/Canada/BC_37_0-2/2020,EPI_ISL_412965,GISAID,,Complete/high number of Ns,Homo sapiens,2020-02-16,Canada / British Columbia,BCCDC Public Health Laboratory,2020-02-29,BCCDC Public Health Laboratory
2019-nCoV/USA-CA9/2020,MT118835,GenBank,EPI_ISL_412862,Complete,Homo sapiens,2020-02-23,United States / California / Solano,,2020-02-27,"Division of Viral Diseases, Centers for Disease Control and Prevention"
BetaCoV/Korea/KCDC24/2020,EPI_ISL_412873,GISAID,,Complete,Homo sapiens,2020-02-06,South Korea / Chungcheongnam-do,"Division of Viral Diseases, Center for Laboratory Control of Infectious Diseases, Korea Centers for Diseases Control and Prevention",2020-02-28,"Division of Viral Diseases, Center for Laboratory Control of Infectious Diseases, Korea Centers for Diseases Control and Prevention"
BetaCoV/Korea/KCDC12/2020,EPI_ISL_412872,GISAID,,Complete,Homo sapiens,2020-02-01,South Korea / Gyeonggi-do,"Division of Viral Diseases, Center for Laboratory Control of Infectious Diseases, Korea Centers for Diseases Control and Prevention",2020-02-28,"Division of Viral Diseases, Center for Laboratory Control of Infectious Diseases, Korea Centers for Diseases Control and Prevention"
BetaCoV/Korea/KCDC07/2020,EPI_ISL_412871,GISAID,,Complete,Homo sapiens,2020-01-31,South Korea / Seoul,"Division of Viral Diseases, Center for Laboratory Control of Infectious Diseases, Korea Centers for Diseases Control and Prevention",2020-02-28,"Division of Viral Diseases, Center for Laboratory Control of Infectious Diseases, Korea Centers for Diseases Control and Prevention"
BetaCoV/Korea/KCDC06/2020,EPI_ISL_412870,GISAID,,Complete,Homo sapiens,2020-01-30,South Korea/ Seoul,"Division of Viral Diseases, Center for Laboratory Control of Infectious Diseases, Korea Centers for Diseases Control and Prevention",2020-02-28,"Division of Viral Diseases, Center for Laboratory Control of Infectious Diseases, Korea Centers for Diseases Control and Prevention"
BetaCoV/Korea/KCDC05/2020,EPI_ISL_412869,GISAID,,Complete,Homo sapiens,2020-01-30,South Korea /Seoul,"Division of Viral Diseases, Center for Laboratory Control of Infectious Diseases, Korea Centers for Diseases Control and Prevention",2020-02-28,"Division of Viral Diseases, Center for Laboratory Control of Infectious Diseases, Korea Centers for Diseases Control and Prevention"
BetaCoV/pangolin/China/MP789/2019,EPI_ISL_412860,GISAID,,Partial/scaffold level,Manis javanica,2019-03-19,China,,2020-02-27,"SCSFRI, South China Sea Fisheries Research Institute, Chinese Academy of Fishery Sciences (SCSFRI, CAFS)"
BetaCoV/Wuhan/HBCDC-HB-02/2019,EPI_ISL_412898,GISAID,,Complete,Homo sapiens,2019-12-30,China / Hubei / Wuhan,Wuhan Jinyintan Hospital,2020-02-28,Hubei Provincial Center for Disease Control and Prevention
BetaCoV/Wuhan/HBCDC-HB-03/2019,EPI_ISL_412899,GISAID,,Complete,Homo sapiens,2019-12-30,China / Hubei / Wuhan,Wuhan Jinyintan Hospital,2020-02-28,Hubei Provincial Center for Disease Control and Prevention
BetaCoV/Wuhan/HBCDC-HB-04/2019,EPI_ISL_412900,GISAID,,Complete/gaps,Homo sapiens,2019-12-30,China / Hubei / Wuhan,Wuhan Jinyintan Hospital,2020-02-28,Hubei Provincial Center for Disease Control and Prevention
BetaCoV/Germany/Baden-Wuerttemberg-1/2020,EPI_ISL_412912,GISAID,,Complete,Homo sapiens,2020-02-25,Germany / Baden-Wuerttemberg,State Health Office Baden-Wuerttemberg,2020-02-28,"Charité Universitätsmedizin Berlin, Institute of Virology"
BetaCoV/Brazil/SPBR-01/2020,EPI_ISL_412964,GISAID,,Partial/scaffold level,Homo sapiens,2020-02-25,Brazil / Sao Paulo / Sao Paulo,Hospital Israelita Albert Einstein,2020-02-28,Instituto Adolfo Lutz Interdisciplinary Procedures Center Strategic Laboratory
SARS-CoV-2/QLD05/human/2020_FSS918/AUS,MT111896,GenBank,,Partial/gene level,Homo sapiens,2020-02,Australia / Queensland,,2020-02-26,"Public Health Virology, Queensland Health Forensic and Scientific Services"
SARS-CoV-2/QLD05/human/2020_FSS918/AUS,MT111895,GenBank,,Partial/gene level,Homo sapiens,2020-02,Australia / Queensland,,2020-02-26,"Public Health Virology, Queensland Health Forensic and Scientific Services"
BetaCoV/Shandong/LY001/2020,EPI_ISL_412387,GISAID,,Partial/gene level,Homo sapiens,2020-01-21,China / Shandong / Linyi,Shandong Provincial Center for Disease Control and Prevention,2020-02-25,Beijing Institute of Microbiology and Epidemiology
BetaCoV/Shandong/LY002/2020,EPI_ISL_412418,GISAID,,Partial/gene level,Homo sapiens,2020-01-21,China / Shandong / Linyi,Shandong Provincial Center for Disease Control and Prevention,2020-02-25,Beijing Institute of Microbiology and Epidemiology
BetaCoV/Shandong/LY003/2020,EPI_ISL_412419,GISAID,,Partial/gene level,Homo sapiens,2020-01-23,China / Shandong / Linyi,Shandong Provincial Center for Disease Control and Prevention,2020-02-25,Beijing Institute of Microbiology and Epidemiology
BetaCoV/Shandong/LY004/2020,EPI_ISL_412420,GISAID,,Partial/gene level,Homo sapiens,2020-01-26,China / Shandong / Linyi,Shandong Provincial Center for Disease Control and Prevention,2020-02-25,Beijing Institute of Microbiology and Epidemiology
BetaCoV/Shandong/LY005/2020,EPI_ISL_412421,GISAID,,Partial/gene level,Homo sapiens,2020-01-24,China / Shandong / Linyi,Shandong Provincial Center for Disease Control and Prevention,2020-02-25,Beijing Institute of Microbiology and Epidemiology
BetaCoV/Shandong/LY007/2020,EPI_ISL_412423,GISAID,,Partial/gene level,Homo sapiens,2020-01-25,China / Shandong / Linyi,Shandong Provincial Center for Disease Control and Prevention,2020-02-25,Beijing Institute of Microbiology and Epidemiology
BetaCoV/Shandong/LY008/2020,EPI_ISL_412424,GISAID,,Partial/gene level,Homo sapiens,2020-01-30,China / Shandong / Linyi,Shandong Provincial Center for Disease Control and Prevention,2020-02-25,Beijing Institute of Microbiology and Epidemiology
BetaCoV/Shandong/LY006/2020,EPI_ISL_412422,GISAID,,Partial/gene level,Homo sapiens,2020-01-24,China / Shandong / Linyi,Shandong Provincial Center for Disease Control and Prevention,2020-02-25,Beijing Institute of Microbiology and Epidemiology
BetaCoV/Shandong/LY-H13/2020,EPI_ISL_412425,GISAID,,Partial/gene level,Environment,2020-01-26,China / Shandong / Linyi,Shandong Provincial Center for Disease Control and Prevention,2020-02-25,Beijing Institute of Microbiology and Epidemiology
BetaCoV/Shandong/LY-H15/2020,EPI_ISL_412426,GISAID,,Partial/gene level,Environment,2020-01-26,China / Shandong / Linyi,Shandong Provincial Center for Disease Control and Prevention,2020-02-25,Beijing Institute of Microbiology and Epidemiology
BetaCoV/Jingzhou/HBCDC-HB-01/2020,EPI_ISL_412459,GISAID,,Complete,Homo sapiens,2020-01-08,China / Hubei / Jingzhou,Jingzhou center for disease control and prevention,2020-02-26,Hubei Provincial Center for Disease Control and Prevention
BetaCoV/Hong Kong/VM20001061/2020,EPI_ISL_412028,GISAID,,Complete,Homo sapiens,2020-01-22,China / Hong Kong,Hong Kong Department of Health,2020-02-24,"School of Public Health, The University of Hon g Kong"
BetaCoV/Hong Kong/VM20001988/2020,EPI_ISL_412029,GISAID,,Complete,Homo sapiens,2020-01-30,China / Hong Kong,Hong Kong Department of Health,2020-02-24,The University of Hong Kong
BetaCoV/Hong Kong/VB20026565/2020,EPI_ISL_412030,GISAID,,Complete,Homo sapiens,2020-02-01,China / Hong Kong,Hong Kong Department of Health,2020-02-24,"School of Public Health, The University of Hon g Kong"
BetaCoV/England/03/2020,EPI_ISL_412116,GISAID,,Complete,Homo sapiens,2020-02-09,United Kingdom,"Respiratory Virus Unit, Microbiology Services Colindale, Public Health England",2020-02-24,"Respiratory Virus Unit, Microbiology Services Colindale, Public Health England"
BetaCoV/Hefei/2/2020,EPI_ISL_412026,GISAID,,Complete,Homo sapiens,2020-02-23,China / Anhui / Hefei,Second Hospital of Anhui Medical University,2020-02-24,Second Hospital of Anhui Medical University
BetaCoV/Shanghai/SH-01/2020,EPI_ISL_411949,GISAID,,Partial/gene level,Homo sapiens,2020-01-16,China / Shanghai,,2020-02-22,"Pathogenic microbiology laboratory，Huashan Hospital, Fudan University"
BetaCoV/Jiangsu/JS01/2020,EPI_ISL_411950,GISAID,,Complete,Homo sapiens,2020-01-23,China / Jiangsu,"NHC Key laboratory of Enteric Pathogenic Microbiology, Institute of Pathogenic Microbiology",2020-02-22,Jiangsu Provincial Center for Disease Control & Prevention
BetaCoV/Jiangsu/JS02/2020,EPI_ISL_411952,GISAID,,Complete,Homo sapiens,2020-01-24,China / Jiangsu,"NHC Key laboratory of Enteric Pathogenic Microbiology, Institute of Pathogenic Microbiology",2020-02-22,Jiangsu Provincial Center for Disease Control & Prevention
BetaCoV/Jiangsu/JS03/2020,EPI_ISL_411953,GISAID,,Complete,Homo sapiens,2020-01-24,China / Jiangsu,"NHC Key laboratory of Enteric Pathogenic Microbiology, Institute of Pathogenic Microbiology",2020-02-22,Jiangsu Provincial Center for Disease Control & Prevention
2019-nCoV/USA-CA7/2020,MT106052,GenBank,EPI_ISL_411954,Complete,Homo sapiens,2020-02-06,United States / California,California Department of Public Health,2020-02-22,"Pathogen Discovery, Respiratory Viruses Branch, Division of Viral Diseases, Centers for Dieases Control and Prevention"
2019-nCoV/USA-CA8/2020,MT106053,GenBank,EPI_ISL_411955,Complete,Homo sapiens,2020-02-10,United States / California,California Department of Public Health,2020-02-22,"Pathogen Discovery, Respiratory Viruses Branch, Division of Viral Diseases, Centers for Dieases Control and Prevention"
2019-nCoV/USA-TX1/2020,MT106054,GenBank,EPI_ISL_411956,Complete,Homo sapiens,2020-02-11,United States / Texas,Texas Department of State Health Services,2020-02-22,"Pathogen Discovery, Respiratory Viruses Branch, Division of Viral Diseases, Centers for Dieases Control and Prevention"
BetaCoV/Cambodia/0012/2020,EPI_ISL_411902,GISAID,,Complete,Homo sapiens,2020-01-27,Cambodia / Sihanoukville,"Virology Unit, Institut Pasteur du Cambodge.",2020-02-21,"Virology Unit, Institut Pasteur du Cambodge (Sequencing done by: Jessica E Manning/Jennifer A Bohl at Malaria and Vector Research Research Laboratory, National Institute of Allergy and Infectious Diseases and Vida Ahyong from Chan-Zuckerberg Biohub)"
BetaCoV/Taiwan/CGMH-CGU-01/2020,EPI_ISL_411915,GISAID,,Complete,Homo sapiens,2020-01-25,China / Taiwan / Taoyuan,Laboratory Medicine,2020-02-21,"Department of Laboratory Medicine, Lin-Kou Chang Gung Memorial Hospital, Taoyuan, Taiwan."
BetaCoV/Taiwan/3/2020,EPI_ISL_411926,GISAID,,Complete,Homo sapiens,2020-01-24,China / Taiwan / Taipei,Taiwan Centers for Disease Control,2020-02-21,Taiwan Centers for Disease Control
BetaCoV/Taiwan/4/2020,EPI_ISL_411927,GISAID,,Complete,Homo sapiens,2020-01-28,China / Taiwan / Taipei,Taiwan Centers for Disease Control,2020-02-21,Taiwan Centers for Disease Control
SARS-CoV-2/WH-09/human/2020/CHN,MT093631,GenBank,EPI_ISL_411957,Complete,Homo sapiens,2020-01-08,China,,2020-02-21,"Key Laboratory of Human Diseases Comparative Medicine, Institute of Laboratory Animal Science, CAMS&PUMC"
SARS-CoV-2/01/human/2020/SWE,MT093571,GenBank,EPI_ISL_411951,Complete,Homo sapiens,2020-02-07,Sweden,,2020-02-20,"Unit for Laboratory Development and Technology Transfer, Public Health Agency of Sweden"
SARS-CoV-2/HS_194/human/2020/CHN,MT081068,GenBank,EPI_ISL_411967,Partial/gene level,Homo sapiens,2020-02-06,China,,2020-02-13,"Bioinfo, Vision Medicals"
SARS-CoV-2/HS_8/human/2020/CHN,MT081059,GenBank,EPI_ISL_411958,Partial/gene level,Homo sapiens,2020-01-22,China,,2020-02-13,"Bioinfo, Vision Medicals"
SARS-CoV-2/HS_17/human/2020/CHN,MT081060,GenBank,EPI_ISL_411959,Partial/gene level,Homo sapiens,2020-01-23,China,,2020-02-13,"Bioinfo, Vision Medicals"
SARS-CoV-2/HS_18/human/2020/CHN,MT081061,GenBank,EPI_ISL_411960,Partial/gene level,Homo sapiens,2020-01-23,China,,2020-02-13,"Bioinfo, Vision Medicals"
SARS-CoV-2/HS_38/human/2020/CHN,MT081062,GenBank,EPI_ISL_411961,Partial/gene level,Homo sapiens,2020-01-25,China,,2020-02-13,"Bioinfo, Vision Medicals"
SARS-CoV-2/HS_46/human/2020/CHN,MT081063,GenBank,EPI_ISL_411962,Partial/gene level,Homo sapiens,2020-01-26,China,,2020-02-13,"Bioinfo, Vision Medicals"
SARS-CoV-2/HS_64/human/2020/CHN,MT081064,GenBank,EPI_ISL_411963,Partial/gene level,Homo sapiens,2020-01-28,China,,2020-02-13,"Bioinfo, Vision Medicals"
SARS-CoV-2/HS_84/human/2020/CHN,MT081065,GenBank,EPI_ISL_411964,Partial/gene level,Homo sapiens,2020-01-30,China,,2020-02-13,"Bioinfo, Vision Medicals"
SARS-CoV-2/HS_86/human/2020/CHN,MT081066,GenBank,EPI_ISL_411965,Partial/gene level,Homo sapiens,2020-01-30,China,,2020-02-13,"Bioinfo, Vision Medicals"
SARS-CoV-2/HS_92/human/2020/CHN,MT081067,GenBank,EPI_ISL_411966,Partial/gene level,Homo sapiens,2020-01-31,China,,2020-02-13,"Bioinfo, Vision Medicals"
BetaCoV/France/IDF0571/2020,EPI_ISL_411218,GISAID,,Complete,Homo sapiens,2020-02-02,France / Ile-de-France / Paris,"Sorbonne Université, INSERM et Assistance Publique-Hôpitaux de Paris (Pitié Salpétrière)",2020-02-19,"Laboratoire Virpath, CIRI U111, UCBL1, INSERM, CNRS, ENS Lyon"
BetaCoV/France/IDF0386/2020,EPI_ISL_411219,GISAID,,Complete,Homo sapiens,2020-01-28,France / Ile-de-France / Paris,"Sorbonne Université, INSERM et Assistance Publique-Hôpitaux de Paris (Pitié Salpétrière)",2020-02-19,"Laboratoire Virpath, CIRI U111, UCBL1, INSERM, CNRS, ENS Lyon"
BetaCoV/France/IDF0386/2020,EPI_ISL_411220,GISAID,,Complete,Homo sapiens,2020-01-28,France / Ile-de-France / Paris,"Sorbonne Université, INSERM et Assistance Publique-Hôpitaux de Paris (Pitié Salpétrière)",2020-02-19,"Laboratoire Virpath, CIRI U111, UCBL1, INSERM, CNRS, ENS Lyon"
BetaCoV/Fujian/8/2020,EPI_ISL_411060,GISAID,,Complete,Homo sapiens,2020-01-21,China / Fujian,Fujian Center for Disease Control and Prevention,2020-02-19,Fujian Center for Disease Control and Prevention
BetaCoV/Fujian/13/2020,EPI_ISL_411066,GISAID,,Complete,Homo sapiens,2020-01-22,China / Fujian,Fujian Center for Disease Control and Prevention,2020-02-19,Fujian Center for Disease Control and Prevention
MP789,GWHABKW00000000,Genome Warehouse,MT084071,Partial/scaffold level,Manis javanica,2019-03-01,China,,2020-02-18,"Guangdong Institute of Applied Biological Resources, Guangdong Academy of Sciences"
BetaCoV/Singapore/7/2020,EPI_ISL_410713,GISAID,,Complete,Homo sapiens,2020-01-27,Singapore,"National Public Health Laboratory, National Centre for Infectious Diseases",2020-02-18,"National Public Health Laboratory, National Centre for Infectious Diseases"
BetaCoV/Singapore/8/2020,EPI_ISL_410714,GISAID,,Complete,Homo sapiens,2020-02-03,Singapore,"National Public Health Laboratory, National Centre for Infectious Diseases",2020-02-18,"National Public Health Laboratory, National Centre for Infectious Diseases"
BetaCoV/Singapore/9/2020,EPI_ISL_410715,GISAID,,Complete,Homo sapiens,2020-02-04,Singapore,"National Public Health Laboratory, National Centre for Infectious Diseases",2020-02-18,"National Public Health Laboratory, National Centre for Infectious Diseases"
BetaCoV/Singapore/10/2020,EPI_ISL_410716,GISAID,,Complete,Homo sapiens,2020-02-04,Singapore,"National Public Health Laboratory, National Centre for Infectious Diseases",2020-02-18,"National Centre for Infectious Diseases, National Centre for Infectious Diseases"
BetaCoV/Australia/QLD03/2020,EPI_ISL_410717,GISAID,,Complete,Homo sapiens,2020-02-05,Australia / Queensland / Gold Coast,Pathology Queensland,2020-02-18,Public Health Virology Laboratory
BetaCoV/Australia/QLD04/2020,EPI_ISL_410718,GISAID,,Complete,Homo sapiens,2020-02-05,Australia / Queensland / Gold Coast,Pathology Queensland,2020-02-18,Public Health Virology Laboratory
BetaCoV/Singapore/11/2020,EPI_ISL_410719,GISAID,,Complete,Homo sapiens,2020-02-02,Singapore,National Public Health Laboratory,2020-02-18,National Public Health Laboratory
BetaCoV/France/IDF0372-isl/2020,EPI_ISL_410720,GISAID,,Complete,Homo sapiens,2020-01-23,France / Ile-de-France / Paris,"Department of Infectious and Tropical Diseases, Bichat Claude Bernard Hospital, Paris",2020-02-18,"National Reference Center for Viruses of Respiratory Infections, Institut Pasteur, Paris"
BetaCoV/pangolin/Guandong/1/2020,EPI_ISL_410721,GISAID,,Complete,Manis javanica,2019,China / Guangdong,South China Agricultural University,2020-02-18,South China Agricultural University
BetaCoV/France/IDF0515-isl/2020,EPI_ISL_410984,GISAID,,Complete,Homo sapiens,2020-01-29,France / Ile-de-France / Paris,"Department of Infectious and Tropical Diseases, Bichat Claude Bernard Hospital, Paris",2020-02-18,"National Reference Center for Viruses of Respiratory Infections, Institut Pasteur, Paris"
BetaCoV/Singapore/6/2020,EPI_ISL_410537,GISAID,,Complete,Homo sapiens,2020-02-09,Singapore,"Singapore General Hospital, Molecular Laboratory, Division of Pathology",2020-02-17,"Programme in Emerging Infectious Diseases, Duke-NUS Medical School"
BetaCoV/pangolin/Guangxi/P4L/2017,EPI_ISL_410538,GISAID,,Complete,Manis javanica,2017,China / Guangxi,Beijing Institute of Microbiology and Epidemiology,2020-02-17,Beijing Institute of Microbiology and Epidemiology
BetaCoV/pangolin/Guangxi/P1E/2017,EPI_ISL_410539,GISAID,,Complete,Manis javanica,2017,China / Guangxi,Beijing Institute of Microbiology and Epidemiology,2020-02-17,Beijing Institute of Microbiology and Epidemiology
BetaCoV/pangolin/Guangxi/P5L/2017,EPI_ISL_410540,GISAID,,Complete,Manis javanica,2017,China / Guangxi,Beijing Institute of Microbiology and Epidemiology,2020-02-17,Beijing Institute of Microbiology and Epidemiology
BetaCoV/pangolin/Guangxi/P5E/2017,EPI_ISL_410541,GISAID,,Complete,Manis javanica,2017,China / Guangxi,Beijing Institute of Microbiology and Epidemiology,2020-02-17,Beijing Institute of Microbiology and Epidemiology
BetaCoV/pangolin/Guangxi/P2V/2017,EPI_ISL_410542,GISAID,,Complete,Manis javanica,2017,China / Guangxi,Beijing Institute of Microbiology and Epidemiology,2020-02-17,Beijing Institute of Microbiology and Epidemiology
BetaCoV/pangolin/Guangxi/P3B/2017,EPI_ISL_410543,GISAID,,Partial/scaffold level,Manis javanica,2017,China / Guangxi,Beijing Institute of Microbiology and Epidemiology,2020-02-17,Beijing Institute of Microbiology and Epidemiology
BetaCoV/pangolin/Guangdong/P2S/2019,EPI_ISL_410544,GISAID,,Partial/scaffold level,Manis javanica,2019,China / Guangdong,Beijing Institute of Microbiology and Epidemiology,2020-02-17,Beijing Institute of Microbiology and Epidemiology
BetaCoV/Italy/INMI1-isl/2020,EPI_ISL_410545,GISAID,,Complete,Homo sapiens,2020-01-29,Italy / Rome,INMI Lazzaro Spallanzani IRCCS,2020-02-17,"Laboratory of Virology, INMI Lazzaro Spallanzani IRCCS"
BetaCoV/Italy/INMI1-cs/2020,EPI_ISL_410546,GISAID,,Complete,Homo sapiens,2020-01-31,Italy / Rome,INMI Lazzaro Spallanzani IRCCS,2020-02-17,"Laboratory of Virology, INMI Lazzaro Spallanzani IRCCS"
BetaCoV/Japan/NA-20-05-1/2020,EPI_ISL_410531,GISAID,,Complete,Homo sapiens,2020-01-25,Japan / Nara,"Dept. of Pathology, National Institute of Infectious Diseases",2020-02-17,"Pathogen Genomics Center, National Institute of Infectious Diseases"
BetaCoV/Japan/OS-20-07-1/2020,EPI_ISL_410532,GISAID,,Complete,Homo sapiens,2020-01-23,Japan / Osaka,"Dept. of Pathology, National Institute of Infectious Diseases",2020-02-17,"Pathogen Genomics Center, National Institute of Infectious Diseases"
BetaCoV/Singapore/4/2020,EPI_ISL_410535,GISAID,,Complete,Homo sapiens,2020-02-03,Singapore,National Centre for Infectious Diseases,2020-02-17,"Programme in Emerging Infectious Diseases, Duke-NUS Medical School"
BetaCoV/Singapore/5/2020,EPI_ISL_410536,GISAID,,Complete,Homo sapiens,2020-02-06,Singapore,"Singapore General Hospital, Molecular Laboratory, Division of Pathology",2020-02-17,"Programme in Emerging Infectious Diseases, Duke-NUS Medical School"
SARS-CoV-2/CL5049/human/2020/MYS,MT066159,GenBank,EPI_ISL_410489,Partial/gene level,Homo sapiens,2020-01-24,Malaysia,,2020-02-14,Natonal Public Health Laboratory
BetaCoV/Henan/IVDC-HeN-002/2020,EPI_ISL_408487,GISAID,,Partial/scaffold level,Homo sapiens,2020-01-20,China / Henan / Zhengzhou,"National Institute for Viral Disease Control and Prevention, China CDC",2020-02-09,"National Institute for Viral Disease Control & Prevention, China CDC"
BetaCoV/Shanghai/IVDC-SH-001/2020,EPI_ISL_408483,GISAID,,Partial/scaffold level,Homo sapiens,2020-01-20,China / Shanghai,"National Institute for Viral Disease Control and Prevention, China CDC",2020-02-09,"National Institute for Viral Disease Control & Prevention, CCDC"
BetaCoV/Beijing/IVDC-BJ-005/2020,EPI_ISL_408485,GISAID,,Complete/6 Ns,Homo sapiens,2020-01-18,China / Beijing,"National Institute for Viral Disease Control and Prevention, China CDC",2020-02-09,"National Institute for Viral Disease Control & Prevention, CCDC"
BetaCoV/Wuhan/IVDC-HB-envF13/2020,EPI_ISL_408511,GISAID,,Complete/low coverage/multiple gaps,Environment,2020-01-01,China / Hubei / Wuhan,"Institute of Viral Disease Control and Prevention, China CDC",2020-02-09,"Institute of Viral Disease Control and Prevention, China CDC"
BetaCoV/Wuhan/IVDC-HB-envF54/2020,EPI_ISL_408512,GISAID,,Complete/low coverage/multiple gaps,Environment,2020-01-01,China / Hubei / Wuhan,"Institute of Viral Disease Control and Prevention, China CDC",2020-02-09,"Institute of Viral Disease Control and Prevention, China CDC"
BetaCoV/Wuhan/IVDC-HB-envB5/2020,EPI_ISL_408513,GISAID,,Partial/gene level,Environment,2020-01-01,China / Hubei / Wuhan,"Institute of Viral Disease Control and Prevention, China CDC",2020-02-09,"Institute of Viral Disease Control and Prevention, China CDC"
BetaCoV/France/RA739/2020,EPI_ISL_410486,GISAID,,Partial/scaffold level,Homo sapiens,2020-02-08,France / Rhone-Alpes / Contamines,CNR Virus des Infections Respiratoires - France SUD,2020-02-14,CNR Virus des Infections Respiratoires - France SUD
SARS-CoV-2/CL5045/human/2020/MYS,MT066157,GenBank,EPI_ISL_410487,Partial/gene level,Homo sapiens,2020-01-24,Malaysia,,2020-02-14,Natonal Public Health Laboratory
SARS-CoV-2/CL5047/human/2020/MYS,MT066158,GenBank,EPI_ISL_410488,Partial/gene level,Homo sapiens,2020-01-24,Malaysia,,2020-02-14,Natonal Public Health Laboratory
BetaCov/Taiwan/NTU02/2020,MT066176,GenBank,EPI_ISL_410218,Complete,Homo sapiens,2020-02-05,China / Taiwan / Taipei,"Department of Laboratory Medicine, National Taiwan University Hospital",2020-02-13,"Microbial Genomics Core Lab, National Taiwan University Centers of Genomic and Precision Medicine"
SARS0CoV-2/61-TW/human/2020/ NPL,MT072688,GenBank,EPI_ISL_410301,Complete,Homo sapiens,2020-01-13,Nepal / Kathmandu,"National Influenza Centre, National Public health Laboratory, Kathmandu, Nepal",2020-02-14,The University of Hong Kong
2019-nCoV_PH_nCOV_20_022,LC523809,GenBank,EPI_ISL_410345,Partial/gene level,Homo sapiens,2020-01-14,Philippines,,2020-02-11,"Research Institute for Tropical Medicine, Molecular Biology Laboratory"
2019-nCoV_PH_nCOV_20_026,LC523807,GenBank,EPI_ISL_410314,Partial/gene level,Homo sapiens,2020-01-15,Philippines,,2020-02-11,"Research Institute for Tropical Medicine, Molecular Biology Laboratory"
2019-nCoV_PH_nCOV_20_025,LC523808,GenBank,EPI_ISL_410344,Partial/gene level,Homo sapiens,2020-01-16,Philippines,,2020-02-11,"Research Institute for Tropical Medicine, Molecular Biology Laboratory"
SARS-CoV-2/Tongji-01/human/2020/CHN,MT042773,GenBank,EPI_ISL_412034,Partial/gene level,Homo sapiens,2020-01,China,,2020-02-09,"Department of Clinical Laboratory, Tongji Hospital, Tongji Medical College, Huazhong University of Science and Technology"
SARS-CoV-2/Tongji-02/human/2020/Wuhan,MT042774,GenBank,EPI_ISL_412035,Partial/gene level,Homo sapiens,2020-01,China,,2020-02-09,"Department of Clinical Laboratory, Tongji Hospital, Tongji Medical College, Huazhong University of Science and Technology"
SARS-CoV-2/Tongji-03/human/2020/Wuhan,MT042775,GenBank,EPI_ISL_412036,Partial/gene level,Homo sapiens,2020-01,China,,2020-02-09,"Department of Clinical Laboratory, Tongji Hospital, Tongji Medical College, Huazhong University of Science and Technology"
SARS-CoV-2/Tongji-04/human/2020/Wuhan,MT042776,GenBank,EPI_ISL_412037,Partial/gene level,Homo sapiens,2020-01,China,,2020-02-09,"Department of Clinical Laboratory, Tongji Hospital, Tongji Medical College, Huazhong University of Science and Technology"
SARS-CoV-2/Tongji-05/human/2020/Wuhan,MT042777,GenBank,EPI_ISL_412038,Partial/gene level,Homo sapiens,2020-01,China,,2020-02-09,"Department of Clinical Laboratory, Tongji Hospital, Tongji Medical College, Huazhong University of Science and Technology"
SARS-CoV-2/Tongji-06/human/2020/Wuhan,MT042778,GenBank,EPI_ISL_412039,Partial/gene level,Homo sapiens,2020-01,China,,2020-02-09,"Department of Clinical Laboratory, Tongji Hospital, Tongji Medical College, Huazhong University of Science and Technology"
SARS-CoV-2/QLD05/human/2020_FSS918/AUS,MT050417,GenBank,,Partial/gene level,Homo sapiens,2020-02,Australia / Queensland,,2020-02-11,"Public Health Virology, Queensland Health Forensic and Scientific Services"
SARS-CoV-2/Yunnan-01/human/2020/CHN,MT049951,GenBank,,Complete,Homo sapiens,2020-01-17,China / Yunnan,,2020-02-09,"Yunnan Center for Disease Control Prevention, Institute for Acute Communicable Disease Prevention and Control"
SNU01,MT039890,GenBank,EPI_ISL_411929,Complete,Homo sapiens,2020-01,South Korea,,2020-02-11,"Department of Clinical Diagnostics, Macrogen"
BetaCoV/Hong Kong/VB20024950/2020,EPI_ISL_409022,GISAID,,Partial/gene level,Homo sapiens,2020-01-29,China / Hong Kong,Princess Margaret Hospital (PMH),2020-02-11,Hong Kong Department of Health
BetaCoV/Hong Kong/VM20002162/2020,EPI_ISL_409023,GISAID,,Partial/gene level,Homo sapiens,2020-01-31,China / Hong Kong,Queen Elizabeth Hospital (QEH),2020-02-11,Hong Kong Department of Health
BetaCoV/Hong Kong/VM20002302/2020,EPI_ISL_409025,GISAID,,Partial/gene level,Homo sapiens,2020-02-01,China / Hong Kong,Queen Elizabeth Hospital (QEH),2020-02-11,Hong Kong Department of Health
BetaCoV/Hong Kong/VM20002343/2020,EPI_ISL_409026,GISAID,,Partial/gene level,Homo sapiens,2020-02-03,China / Hong Kong,Queen Elizabeth Hospital (QEH),2020-02-11,Hong Kong Department of Health
BetaCoV/Hong Kong/VM20002345/2020,EPI_ISL_409027,GISAID,,Partial/gene level,Homo sapiens,2020-02-03,China / Hong Kong,United Christian Hospital,2020-02-11,Hong Kong Department of Health
BetaCoV/USA/MA1/2020,EPI_ISL_409067,GISAID,,Complete/1 degenerate base,Homo sapiens,2020-01-29,United States / Massachusetts,Massachusetts Department of Public Health,2020-02-11,"Pathogen Discovery, Respiratory Viruses Branch, Division of Viral Diseases, Centers for Dieases Control and Prevention"
SARS-CoV-2/CA6/human/2020/USA,MT044258,GenBank,EPI_ISL_410044,Complete,Homo sapiens,2020-01-27,United States / California,California Department of Public Health,2020-02-11,"Pathogen Discovery, Respiratory Viruses Branch, Division of Viral Diseases, Centers for Dieases Control and Prevention"
SARS-CoV-2/IL2/human/2020/USA,MT044257,GenBank,EPI_ISL_410045,Complete,Homo sapiens,2020-01-28,United States / Illinois,IL Department of Public Health Chicago Laboratory,2020-02-11,"Pathogen Discovery, Respiratory Viruses Branch, Division of Viral Diseases, Centers for Dieases Control and Prevention"
BetaCoV/Sydney/2/2020,EPI_ISL_408976,GISAID,,Complete,Homo sapiens,2020-01-22,Australia / New South Wales / Sydney,Centre for Infectious Diseases and Microbiology Laboratory Services,2020-02-11,NSW Health Pathology - Institute of Clinical Pathology and Medical Research; Westmead Hospital; University of Sydney
BetaCoV/Sydney/3/2020,EPI_ISL_408977,GISAID,,Complete,Homo sapiens,2020-01-25,Australia / New South Wales / Sydney,"Serology, Virology and OTDS Laboratories (SAViD), NSW Health Pathology Randwick",2020-02-11,NSW Health Pathology - Institute of Clinical Pathology and Medical Research; Centre for Infectious Diseases and Microbiology Laboratory Services; Westmead Hospital; University of Sydney
BetaCoV/Wuhan/WH05/2020,EPI_ISL_408978,GISAID,,Partial/scaffold level,Homo sapiens,2020-02-07,China / Hubei / Wuhan,Wuhan Fourth Hospital,2020-02-11,Beijing Genomics Institute (BGI)
BetaCoV/Hong Kong/VB20017970/2020,EPI_ISL_408994,GISAID,,Partial/gene level,Homo sapiens,2020-01-21,China / Hong Kong,Prince of Wales Hospital (PWH),2020-02-11,Hong Kong Department of Health
BetaCoV/Hong Kong/VM20001218/2020,EPI_ISL_408995,GISAID,,Partial/gene level,Homo sapiens,2020-01-24,China / Hong Kong,Tuen Mun Hospital (TMH),2020-02-11,Hong Kong Department of Health
BetaCoV/Hong Kong/VB20019871/2020,EPI_ISL_408996,GISAID,,Partial/gene level,Homo sapiens,2020-01-24,China / Hong Kong,Prince of Wales Hospital (PWH),2020-02-11,Hong Kong Department of Health
BetaCoV/Hong Kong/VB20019923/2020,EPI_ISL_408997,GISAID,,Partial/gene level,Homo sapiens,2020-01-24,China / Hong Kong,Prince of Wales Hospital (PWH),2020-02-11,Hong Kong Department of Health
BetaCoV/Hong Kong/VM20001387/2020,EPI_ISL_408998,GISAID,,Partial/gene level,Homo sapiens,2020-01-25,China / Hong Kong,Pamela Youde Nethersole Eastern Hospital,2020-02-11,Hong Kong Department of Health
BetaCoV/Hong Kong/VM20001464/2020,EPI_ISL_408999,GISAID,,Partial/gene level,Homo sapiens,2020-01-25,China / Hong Kong,Prince of Wales Hospital (PWH),2020-02-11,Hong Kong Department of Health
BetaCoV/Hong Kong/VM20001403/2020,EPI_ISL_409000,GISAID,,Partial/gene level,Homo sapiens,2020-01-26,China / Hong Kong,Tuen Mun Hospital,2020-02-11,Hong Kong Department of Health
BetaCoV/Hong Kong/VM20001794/2020,EPI_ISL_409001,GISAID,,Partial/gene level,Homo sapiens,2020-01-29,China / Hong Kong,Queen Mary Hospital (QMH),2020-02-11,Hong Kong Department of Health
BetaCoV/Hong Kong/VM20001776/2020,EPI_ISL_409002,GISAID,,Partial/gene level,Homo sapiens,2020-01-29,China / Hong Kong,Queen Mary Hospital (QMH),2020-02-11,Hong Kong Department of Health
BetaCoV/Shandong/IVDC-SD-001/2020,EPI_ISL_408482,GISAID,,Complete,Homo sapiens,2020-01-19,China / Shandong / Qingdao,"National Institute for Viral Disease Control and Prevention, China CDC",2020-02-09,"National Institute for Viral Disease Control & Prevention, CCDC"
2019-nCoV/Japan/TY/WK-012/2020,LC522973,GenBank,EPI_ISL_408665,Complete,Homo sapiens,2020-01-29,Japan / Tokyo,"Dept. of Virology III, National Institute of Infectious Diseases",2020-02-10,"Pathogen Genomics Center, National Institute of Infectious Diseases"
2019-nCoV/Japan/TY/WK-501/2020,LC522974,GenBank,EPI_ISL_408666,Complete,Homo sapiens,2020-01-31,Japan / Tokyo,"Dept. of Virology III, National Institute of Infectious Diseases",2020-02-10,"Pathogen Genomics Center, National Institute of Infectious Diseases"
2019-nCoV/Japan/TY/WK-521/2020,LC522975,GenBank,EPI_ISL_408667,Complete,Homo sapiens,2020-01-31,Japan / Tokyo,"Dept. of Virology III, National Institute of Infectious Diseases",2020-02-10,"Pathogen Genomics Center, National Institute of Infectious Diseases"
BetaCoV/Vietnam/VR03-38142/2020,EPI_ISL_408668,GISAID,,Complete,Homo sapiens,2020-01-24,Vietnam / Thanh Hoa,National Influenza Center - National Institute of Hygiene and Epidemiology (NIHE),2020-02-10,National Influenza Center - National Institute of Hygiene and Epidemiology (NIHE)
2019-nCoV/Japan/KY/V-029/2020,LC522972,GenBank,EPI_ISL_408669,Complete,Homo sapiens,2020-01-29,Japan / Kyoto,"Dept. of Virology III, National Institute of Infectious Diseases",2020-02-10,"Pathogen Genomics Center, National Institute of Infectious Diseases"
2019-nCoV/USA-WI1/2020,MT039887,GenBank,EPI_ISL_408670,Complete,Homo sapiens,2020-01-31,United States / Wisconsin,Wisconsin Department of Health Services,2020-02-10,"Pathogen Discovery, Respiratory Viruses Branch, Division of Viral Diseases, Centers for Dieases Control and Prevention"
Chongqing/YC01/2020,EPI_ISL_408478,GISAID,,Complete/2 degenerate bases,Homo sapiens,2020-01-22,China / Chongqing / Yongchuan,"Yongchuan District Center for Disease Control and Prevention, Chongqing, China",2020-02-09,"Chongqing Municipal Center for Disease Control and Prevention, Chongqing, China"
Sichuan/IVDC-SC-001/2020,EPI_ISL_408484,GISAID,,Complete,Homo sapiens,2020-01-16,China / Sichuan / Chengdu,"National Institute for Viral Disease Control and Prevention, China CDC, Beijing, China",2020-02-09,"National Institute for Viral Disease Control and Prevention, China CDC, Beijing, China"
Yunnan/IVDC-YN-003/2020,EPI_ISL_408480,GISAID,,Complete,Homo sapiens,2020-01-18,China / Yunnan / Kunming,"National Institute for Viral Disease Control and Prevention, China CDC, Beijing, China",2020-02-09,"National Institute for Viral Disease Control and Prevention, China CDC, Beijing, China"
Taiwan/NTU01/2020,MT066175,GenBank,EPI_ISL_408489,Complete/1 degenerate base,Homo sapiens,2020-02-01,China / Taiwan / Taipei,"National Institute for Viral Disease Control & Prevention, CCDC",2020-02-09,"National Institute for Viral Disease Control & Prevention, CCDC"
Wuhan/IVDC-HB-envF13-21/2020,EPI_ISL_408515,GISAID,,Complete,Environment,2020-01-02,China / Hubei / Wuhan,"Institute of Viral Disease Control and Prevention, China CDC, Beijing, China",2020-02-09,"Institute of Viral Disease Control and Prevention, China CDC, Beijing, China"
France/IDF0626/2020,EPI_ISL_408431,GISAID,,Complete,Homo sapiens,2020-01-30,France / Ile De France / Paris,"Sorbonne Universite, Inserm et Assistance Publique-Hopitaux de Paris, Paris, France",2020-02-08,"National Reference Center for Viruses of Respiratory Infections, Institut Pasteur, Paris, France"
Jiangxi/IVDC-JX-002/2020,EPI_ISL_408486,GISAID,,Complete,Homo sapiens,2020-01-12,China / Jiangxi / Pingxiang,"National Institute for Viral Disease Control and Prevention, China CDC, Beijing, China",2020-02-09,"National Institute for Viral Disease Control and Prevention, China CDC, Beijing, China"
Chongqing/ZX01/2020,EPI_ISL_408479,GISAID,,Complete/2 degenerate bases,Homo sapiens,2020-01-24,China / Chongqing / Zhongxian,"Zhongxian Center for Disease Control and Prevention, Zhongxian, Chongqing Municipality, China",2020-02-09,"Chongqing Municipal Center for Disease Control and Prevention, Chongqing, China"
Jiangsu/IVDC-JS-001/2020,EPI_ISL_408488,GISAID,,Complete/37 Ns,Homo sapiens,2020-01-20,China / Jiangsu / Huaian,"National Institute for Viral Disease Control & Prevention, CCDC",2020-02-09,"National Institute for Viral Disease Control & Prevention, CCDC"
France/IDF0515/2020,EPI_ISL_408430,GISAID,,Complete,Homo sapiens,2020-01-30,France / Ile De France / Paris,"Department of Infectious and Tropical Diseases, Bichat Claude Bernard Hospital, Paris, France",2020-02-08,"National Reference Center for Viruses of Respiratory Infections, Institut Pasteur, Paris, France"
Chongqing/IVDC-CQ-001/2020,EPI_ISL_408481,GISAID,,Complete,Homo sapiens,2020-01-19,China / Chongqing,"National Institute for Viral Disease Control and Prevention, China CDC, Beijing, China",2020-02-09,"National Institute for Viral Disease Control and Prevention, China CDC, Beijing, China"
Wuhan/IVDC-HB-envF13-20/2020,EPI_ISL_408514,GISAID,,Complete,Environment,2020-01-02,China / Hubei / Wuhan,"Institute of Viral Disease Control and Prevention, China CDC, Beijing, China",2020-02-09,"Institute of Viral Disease Control and Prevention, China CDC, Beijing, China"
2019-nCoV_PH_nCOV_20_026,LC522350,GenBank,EPI_ISL_410302,Partial/gene level,Homo sapiens,2020-01-26,Philippines,,2020-02-06,"Research Institute for Tropical Medicine, Molecular Biology Laboratory"
2019 nCoV/Italy-INMI1,EPI_ISL_408068,GISAID,,Partial/gene level,Homo sapiens,2020-01-29,Italy / Rome,Virology Laboratory National Institute for Infectious Diseases 'Lazzaro Spallanzani' IRCCS,2020-02-07,Virology Laboratory National Institute for Infectious Diseases 'Lazzaro Spallanzani' IRCCS
2019-nCoV/USA-CA3/2020,MT027062,GenBank,EPI_ISL_408008,Complete,Homo sapiens,2020-01-29,United States / California,California Department of Health,2020-02-06,"Division of Viral Diseases, Centers for Disease Control and Prevention"
2019-nCoV/USA-CA4/2020,MT027063,GenBank,EPI_ISL_408009,Complete,Homo sapiens,2020-01-29,United States / California,California Department of Health,2020-02-06,"Division of Viral Diseases, Centers for Disease Control and Prevention"
2019-nCoV/USA-CA5/2020,MT027064,GenBank,EPI_ISL_408010,Complete,Homo sapiens,2020-01-29,United States / California,California Department of Health,2020-02-06,"Division of Viral Diseases, Centers for Disease Control and Prevention"
BetaCoV/Australia/QLD01/2020,EPI_ISL_407894,GISAID,,Complete/7 degenerate bases/high SNV density,Homo sapiens,2020-01-28,Australia / Queensland / Gold Coast,Pathology Queensland,2020-02-06,Public Health Virology Laboratory
BetaCoV/Australia/QLD02/2020,EPI_ISL_407896,GISAID,,Complete/1 degenerate base,Homo sapiens,2020-01-30,Australia / Queensland / Gold Coast,Pathology Queensland,2020-02-06,Public Health Virology Laboratory
BetaCoV/Australia/NSW01/2020,EPI_ISL_407893,GISAID,,Complete,Homo sapiens,2020-01-24,Australia / New South Wales / Sydney,Centre for Infectious Diseases and Microbiology Laboratory Services,2020-02-06,NSW Health Pathology - Institute of Clinical Pathology and Medical Research; Westmead Hospital; University of Sydney
BetaCoV/Belgium/GHB-03021/2020,EPI_ISL_407976,GISAID,,Complete,Homo sapiens,2020-02-03,Belgium / Leuven,"KU Leuven, Clinical and Epidemiological Virology",2020-02-07,"KU Leuven, Clinical and Epidemiological Virology"
BetaCoV/Singapore/3/2020,EPI_ISL_407988,GISAID,,Complete,Homo sapiens,2020-02-01,Singapore,National Centre for Infectious Diseases,2020-02-07,"Programme in Emerging Infectious Diseases, Duke-NUS Medical School"
BetaCoV/Singapore/2/2020,EPI_ISL_407987,GISAID,,Complete,Homo sapiens,2020-01-25,Singapore,"Molecular Laboratory, Division of Pathology",2020-02-07,"Programme in Emerging Infectious Diseases, Duke-NUS Medical School"
BetaCoV/Hangzhou/HZCDC0001/2020,EPI_ISL_407313,GISAID,,Complete,Homo sapiens,2020-01-19,China / Zhejiang / Hangzhou,Hangzhou Center for Disease Control and Prevention,2020-02-05,Hangzhou Center for Disease Control and Prevention
BetaCoV/USA/WA1-F6/2020,MT020881,GenBank,EPI_ISL_407215,Complete,Homo sapiens,2020-01-25,United States / Washington,WA State Department of Health,2020-02-04,"Pathogen Discovery, Respiratory Viruses Branch, Division of Viral Diseases, Centers for Dieases Control and Prevention"
BetaCoV/Korea/KCDC03/2020,EPI_ISL_407193,GISAID,,Complete,Homo sapiens,2020-01-25,South Korea / Gyeonggi-do,Korea Centers for Disease Control & Prevention (KCDC) Center for Laboratory Control of Infectious Diseases Division of Viral Diseases,2020-02-04,Korea Centers for Disease Control & Prevention (KCDC) Center for Laboratory Control of Infectious Diseases Division of Viral Diseases
BetaCoV/Japan/AI/I-004/2020,LC521925,GenBank,EPI_ISL_407084,Complete,Homo sapiens,2020-01-25,Japan / Aichi,"Department of Virology III, National Institute of Infectious Diseases",2020-02-04,"Pathogen Genomics Center, National Institute of Infectious Diseases"
BetaCoV/USA/WA1-A12/2020,MT020880,GenBank,EPI_ISL_407214,Complete,Homo sapiens,2020-01-25,United States / Washington,WA State Department of Health,2020-02-04,"Pathogen Discovery, Respiratory Viruses Branch, Division of Viral Diseases, Centers for Dieases Control and Prevention"
BetaCoV/Singapore/1/2020,EPI_ISL_406973,GISAID,,Complete,Homo sapiens,2020-01-23,Singapore,Singapore General Hospital,2020-02-03,National Public Health Laboratory
BetaCoV/England/02/2020,EPI_ISL_407073,GISAID,,Complete,Homo sapiens,2020-01-29,United Kingdom,"Respiratory Virus Unit, Microbiology Services Colindale, Public Health England",2020-02-03,"Respiratory Virus Unit, Microbiology Services Colindale, Public Health England"
BetaCoV/England/01/2020,EPI_ISL_407071,GISAID,,Complete/1 degenerate base,Homo sapiens,2020-01-29,United Kingdom,"Respiratory Virus Unit, Microbiology Services Colindale, Public Health England",2020-02-03,"Respiratory Virus Unit, Microbiology Services Colindale, Public Health England"
BetaCoV/Finland/1/2020,MT020781,GenBank,EPI_ISL_407079,Partial/scaffold level,Homo sapiens,2020-01-29,Finland / Lapland,Lapland Central Hospital,2020-02-03,"Department of Virology, University of Helsinki and Helsinki University Hospital, Helsinki, Finland"
20cov-1L,GWHABKS00000000,Genome Warehouse,"EPI_ISL_406970, MT039873",Complete,Homo sapiens,2020-01-20,China / Zhejiang / Hangzhou,Hangzhou Center for Disease and Control Microbiology Lab,2020-02-03,"Microbiology Detection, Hangzhou center for disease control and prevention"
2019 nCoV/Italy-INMI1,MT008022,GenBank,EPI_ISL_406959,Partial/gene level,Homo sapiens,2020-01,Italy / Rome,,2020-02-01,"Virology Laboratory, INMI L. Spallanzani"
2019 nCoV/Italy-INMI2,MT008023,GenBank,EPI_ISL_406960,Partial/gene level,Homo sapiens,2020-01,Italy / Rome,,2020-02-01,"Virology Laboratory, INMI L. Spallanzani"
BetaCoV/Wuhan/WH19002/2019,NMDC60013002-05,NMDC,,Complete/34 Ns/113 degenerate bases,Homo sapiens,2019-12-30,China / Hubei Province / Wuhan City,,2020-01-28,"China CDC; Shandong First Medical University & Shandong Academy of Medical Sciences; Hubei Provincial Center for Disease Control and Prevention; BGI PathoGenesis Pharmaceutical Technology Co., Ltd"
BetaCoV/Wuhan/WH19008/2019,NMDC60013002-06,NMDC,,Complete,Homo sapiens,2019-12-30,China / Hubei Province / Wuhan City,,2020-01-28,"China CDC; Shandong First Medical University & Shandong Academy of Medical Sciences; Hubei Provincial Center for Disease Control and Prevention; BGI PathoGenesis Pharmaceutical Technology Co., Ltd"
BetaCoV/Wuhan/YS8011/2020,NMDC60013002-07,NMDC,,Complete/2 Ns,Homo sapiens,2020-01-07,China / Hubei Province / Wuhan City,,2020-01-28,"China CDC; Shandong First Medical University & Shandong Academy of Medical Sciences; Hubei Provincial Center for Disease Control and Prevention; BGI PathoGenesis Pharmaceutical Technology Co., Ltd"
BetaCoV/Wuhan/WH19001/2019,NMDC60013002-08,NMDC,,Complete,Homo sapiens,2019-12-30,China / Hubei Province / Wuhan City,,2020-01-28,"China CDC; Shandong First Medical University & Shandong Academy of Medical Sciences; Hubei Provincial Center for Disease Control and Prevention; BGI PathoGenesis Pharmaceutical Technology Co., Ltd"
BetaCoV/Wuhan/WH19004/2020,NMDC60013002-09,NMDC,,Complete,Homo sapiens,2020-01-01,China / Hubei Province / Wuhan City,,2020-01-28,"China CDC; Shandong First Medical University & Shandong Academy of Medical Sciences; Hubei Provincial Center for Disease Control and Prevention; BGI PathoGenesis Pharmaceutical Technology Co., Ltd"
BetaCoV/Wuhan/WH19005/2019,NMDC60013002-10,NMDC,,Complete,Homo sapiens,2019-12-30,China / Hubei Province / Wuhan City,,2020-01-28,"China CDC; Shandong First Medical University & Shandong Academy of Medical Sciences; Hubei Provincial Center for Disease Control and Prevention; BGI PathoGenesis Pharmaceutical Technology Co., Ltd"
BetaCoV/Germany/BavPat1/2020,EPI_ISL_406862,GISAID,,Complete,Homo sapiens,2020-01-28,Germany / Bavaria / Munich,"Charité Universitätsmedizin Berlin, Institute of Virology; Institut für Mikrobiologie der Bundeswehr, Munich",2020-01-31,"Charité Universitätsmedizin Berlin, Institute of Virology"
BetaCoV/Wuhan/WH-01/2019,CNA0007332,CNGBdb,"LR757998, EPI_ISL_406798, NMDC60013002-01",Complete,Homo sapiens,2019-12-26,China / Hubei Province / Wuhan City,General Hospital of Central Theater Command of People's Liberation Army of China,2020-01-30,"BGI PathoGenesis Pharmaceutical Technology Co., Ltd; China CDC; Shandong First Medical University & Shandong Academy of Medical Sciences; Hubei Provincial Center for Disease Control and Prevention"
BetaCoV/Wuhan/WH-02/2019,CNA0007333,CNGBdb,"LR757997, EPI_ISL_406799, NMDC60013002-02",Partial/scaffold level,Homo sapiens,2019-12-31,China / Hubei Province / Wuhan City,General Hospital of Central Theater Command of People's Liberation Army of China,2020-01-30,"BGI PathoGenesis Pharmaceutical Technology Co., Ltd; China CDC; Shandong First Medical University & Shandong Academy of Medical Sciences; Hubei Provincial Center for Disease Control and Prevention"
BetaCoV/Wuhan/WH-03/2019,CNA0007334,CNGBdb,"LR757996, EPI_ISL_406800, NMDC60013002-03",Complete,Homo sapiens,2020-01-01,China / Hubei Province / Wuhan City,General Hospital of Central Theater Command of People's Liberation Army of China,2020-01-30,"BGI PathoGenesis Pharmaceutical Technology Co., Ltd; China CDC; Shandong First Medical University & Shandong Academy of Medical Sciences; Hubei Provincial Center for Disease Control and Prevention"
BetaCoV/Wuhan/WH-04/2019,CNA0007335,CNGBdb,"LR757995, EPI_ISL_406801, NMDC60013002-04",Complete,Homo sapiens,2020-01-05,China / Hubei Province / Wuhan City,General Hospital of Central Theater Command of People's Liberation Army of China,2020-01-30,"BGI PathoGenesis Pharmaceutical Technology Co., Ltd; China CDC; Shandong First Medical University & Shandong Academy of Medical Sciences; Hubei Provincial Center for Disease Control and Prevention"
BetaCoV/Australia/VIC01/2020,MT007544,GenBank,EPI_ISL_406844,Complete,Homo sapiens,2020-01-25,Australia / Victoria / Clayton,Monash Medical Centre,2020-01-31,"Department of Microbiology and Immunology, The University of Melbourne at The Peter Doherty Institute for Infection and Immunity"
WIV02,GWHABKK00000000,Genome Warehouse,"EPI_ISL_402127, MN996527",Complete,Homo sapiens,2019-12-30,China/ Hubei / Wuhan,Wuhan Jinyintan Hospital,2020-01-18,"CAS Key Laboratory of Special Pathogens and Biosafety and Center for Emerging Infectious Diseases, Wuhan Institute of Virology, Chinese Academy of Sciences"
WIV04,GWHABKL00000000,Genome Warehouse,"EPI_ISL_402124, MN996528",Complete,Homo sapiens,2019-12-30,China / Hubei / Wuhan,Wuhan Jinyintan Hospital,2020-01-11,"CAS Key Laboratory of Special Pathogens and Biosafety and Center for Emerging Infectious Diseases, Wuhan Institute of Virology, Chinese Academy of Sciences"
WIV05,GWHABKM00000000,Genome Warehouse,"EPI_ISL_402128, MN996529",Complete,Homo sapiens,2019-12-30,China / Hubei / Wuhan,Wuhan Jinyintan Hospital,2020-01-18,"CAS Key Laboratory of Special Pathogens and Biosafety and Center for Emerging Infectious Diseases, Wuhan Institute of Virology, Chinese Academy of Sciences"
WIV06,GWHABKN00000000,Genome Warehouse,"EPI_ISL_402129, MN996530",Complete,Homo sapiens,2019-12-30,China / Hubei / Wuhan,Wuhan Jinyintan Hospital,2020-01-18,"CAS Key Laboratory of Special Pathogens and Biosafety and Center for Emerging Infectious Diseases, Wuhan Institute of Virology, Chinese Academy of Sciences"
WIV07,GWHABKO00000000,Genome Warehouse,"EPI_ISL_402130, MN996531",Complete,Homo sapiens,2019-12-30,China / Hubei / Wuhan,Wuhan Jinyintan Hospital,2020-01-18,"CAS Key Laboratory of Special Pathogens and Biosafety and Center for Emerging Infectious Diseases, Wuhan Institute of Virology, Chinese Academy of Sciences"
TG13,GWHABKP00000000,Genome Warehouse,"EPI_ISL_402131, MN996532",Complete,Rhinolophus affinis,2013-07-24,China / Yunnan / Pu'er,Wuhan Institute of Virology,2020-01-24,"CAS Key Laboratory of Special Pathogens and Biosafety and Center for Emerging Infectious Diseases, Wuhan Institute of Virology, Chinese Academy of Sciences"
BetaCoV/Guangdong/20SF174/2020,EPI_ISL_406531,GISAID,,Complete,Homo sapiens,2020-01-22,China / Guangdong Province,Guangdong Provincial Center for Diseases Control and Prevention; Guangdong Provincial Institute of Public Health,2020-01-29,Guangdong Provincial Center for Diseases Control and Prevention
BetaCoV/Guangzhou/20SF206/2020,EPI_ISL_406533,GISAID,,Complete,Homo sapiens,2020-01-22,China / Guangdong Province / Guangzhou City,Guangdong Provincial Center for Diseases Control and Prevention; Guangdong Provincial Institute of Public Health,2020-01-29,Guangdong Provincial Center for Diseases Control and Prevention
BetaCoV/Foshan/20SF207/2020,EPI_ISL_406534,GISAID,,Complete,Homo sapiens,2020-01-22,China / Guangdong Province,Guangdong Provincial Center for Diseases Control and Prevention; Guangdong Provincial Institute of Public Health,2020-01-29,Guangdong Provincial Center for Diseases Control and Prevention
BetaCoV/Foshan/20SF210/2020,EPI_ISL_406535,GISAID,,Complete,Homo sapiens,2020-01-22,China / Guangdong Province,Guangdong Provincial Center for Diseases Control and Prevention; Guangdong Provincial Institute of Public Health,2020-01-29,Guangdong Provincial Center for Diseases Control and Prevention
BetaCoV/Foshan/20SF211/2020,EPI_ISL_406536,GISAID,,Complete,Homo sapiens,2020-01-22,China / Guangdong Province,Guangdong Provincial Center for Diseases Control and Prevention; Guangdong Provincial Institute of Public Health,2020-01-29,Guangdong Provincial Center for Diseases Control and Prevention
BetaCoV/Guangdong/20SF201/2020,EPI_ISL_406538,GISAID,,Complete,Homo sapiens,2020-01-23,China / Guangdong Province,Guangdong Provincial Center for Diseases Control and Prevention;Guangdong Provincial Institute of Public Health,2020-01-29,Guangdong Provincial Center for Diseases Control and Prevention
BetaCoV/Shenzhen/SZTH-001/2020,EPI_ISL_406592,GISAID,,Complete/high number of SNVs (28),Homo sapiens,2020-01-13,China/ Guangdong Province / Shenzhen City,Shenzhen Third People's Hospital,2020-01-29,"Shenzhen Key Laboratory of Pathogen and Immunity, National Clinical Research Center for Infectious Disease, Shenzhen Third People's Hospital"
BetaCoV/Shenzhen/SZTH-003/2020,EPI_ISL_406594,GISAID,,Complete,Homo sapiens,2020-01-16,China/ Guangdong Province / Shenzhen City,"Shenzhen Key Laboratory of Pathogen and Immunity, National Clinical Research Center for Infectious Disease, Shenzhen Third People's Hospital",2020-01-29,"Shenzhen Key Laboratory of Pathogen and Immunity, National Clinical Research Center for Infectious Disease, Shenzhen Third People's Hospital"
BetaCoV/Shenzhen/SZTH-004/2020,EPI_ISL_406595,GISAID,,Complete/1 degenerate base,Homo sapiens,2020-01-16,China/ Guangdong Province / Shenzhen City,"Shenzhen Key Laboratory of Pathogen and Immunity, National Clinical Research Center for Infectious Disease, Shenzhen Third People's Hospital",2020-01-29,"Shenzhen Key Laboratory of Pathogen and Immunity, National Clinical Research Center for Infectious Disease, Shenzhen Third People's Hospital"
BetaCoV/Shenzhen/SZTH-002/2020,EPI_ISL_406593,GISAID,,Complete,Homo sapiens,2020-01-13,China/ Guangdong Province / Shenzhen City,"Shenzhen Key Laboratory of Pathogen and Immunity, National Clinical Research Center for Infectious Disease, Shenzhen Third People's Hospital",2020-01-29,"Shenzhen Key Laboratory of Pathogen and Immunity, National Clinical Research Center for Infectious Disease, Shenzhen Third People's Hospital"
BetaCoV/France/IDF0373/2020,EPI_ISL_406597,GISAID,,Complete,Homo sapiens,2020-01-23,France / Ile-de-France / Paris,"Department of Infectious and Tropical Diseases, Bichat Claude Bernard Hospital, Paris",2020-01-29,"National Reference Center for Viruses of Respiratory Infections, Institut Pasteur, Paris"
BetaCoV/France/IDF0372/2020,EPI_ISL_406596,GISAID,,Complete,Homo sapiens,2020-01-23,France / Ile-de-France / Paris,"Department of Infectious and Tropical Diseases, Bichat Claude Bernard Hospital, Paris",2020-01-29,"National Reference Center for Viruses of Respiratory Infections, Institut Pasteur, Paris"
2019-nCoV_HKU-SZ-001_2020,MN938387,GenBank,EPI_ISL_412043,Partial/gene level,Homo sapiens,2020-01,China / Guangdong / Shenzhen,University of Hong Kong-Shenzhen Hospital,2020-01-14,University of Hong Kong-Shenzhen Hospital
2019-nCoV_HKU-SZ-001_2020,MN938385,GenBank,EPI_ISL_412041,Partial/gene level,Homo sapiens,2020-01,China / Guangdong / Shenzhen,University of Hong Kong-Shenzhen Hospital,2020-01-14,University of Hong Kong-Shenzhen Hospital
2019-nCoV_HKU-SZ-002b_2020,MN938388,GenBank,EPI_ISL_412044,Partial/gene level,Homo sapiens,2020-01,China / Guangdong / Shenzhen,University of Hong Kong-Shenzhen Hospital,2020-01-14,University of Hong Kong-Shenzhen Hospital
2019-nCoV_HKU-SZ-004_2020,MN938389,GenBank,EPI_ISL_412045,Partial/gene level,Homo sapiens,2020-01,China / Guangdong / Shenzhen,University of Hong Kong-Shenzhen Hospital,2020-01-14,University of Hong Kong-Shenzhen Hospital
2019-nCoV_HKU-SZ-004_2020,MN938386,GenBank,EPI_ISL_412042,Partial/gene level,Homo sapiens,2020-01,China / Guangdong / Shenzhen,University of Hong Kong-Shenzhen Hospital,2020-01-14,University of Hong Kong-Shenzhen Hospital
2019-nCoV_HKU-SZ-005_2020,MN938390,GenBank,EPI_ISL_412046,Partial/gene level,Homo sapiens,2020-01,China / Guangdong / Shenzhen,University of Hong Kong-Shenzhen Hospital,2020-01-14,University of Hong Kong-Shenzhen Hospital
2019-nCoV_HKU-SZ-007a_2020,MN975266,GenBank,EPI_ISL_412052,Partial/gene level,Homo sapiens,2020-01,China / Guangdong / Shenzhen,University of Hong Kong-Shenzhen Hospital,2020-01-21,University of Hong Kong-Shenzhen Hospital
2019-nCoV_HKU-SZ-007a_2020,MN975263,GenBank,EPI_ISL_412049,Partial/gene level,Homo sapiens,2020-01,China / Guangdong / Shenzhen,University of Hong Kong-Shenzhen Hospital,2020-01-21,University of Hong Kong-Shenzhen Hospital
2019-nCoV_HKU-SZ-007b_2020,MN975264,GenBank,EPI_ISL_412050,Partial/gene level,Homo sapiens,2020-01,China / Guangdong / Shenzhen,University of Hong Kong-Shenzhen Hospital,2020-01-21,University of Hong Kong-Shenzhen Hospital
2019-nCoV_HKU-SZ-007b_2020,MN975267,GenBank,EPI_ISL_412053,Partial/gene level,Homo sapiens,2020-01,China / Guangdong / Shenzhen,University of Hong Kong-Shenzhen Hospital,2020-01-21,University of Hong Kong-Shenzhen Hospital
2019-nCoV_HKU-SZ-007c_2020,MN975268,GenBank,EPI_ISL_412054,Partial/gene level,Homo sapiens,2020-01,China / Guangdong / Shenzhen,University of Hong Kong-Shenzhen Hospital,2020-01-21,University of Hong Kong-Shenzhen Hospital
2019-nCoV_HKU-SZ-007c_2020,MN975265,GenBank,EPI_ISL_412051,Partial/gene level,Homo sapiens,2020-01,China / Guangdong / Shenzhen,University of Hong Kong-Shenzhen Hospital,2020-01-21,University of Hong Kong-Shenzhen Hospital
SI200040-SP,MN970003,GenBank,,Partial/gene level,Homo sapiens,2020-01-08,Thailand,,2020-01-19,"Faculty of Medicine, Chulalongkorn University"
SI200121-SP,MN970004,GenBank,,Partial/gene level,Homo sapiens,2020-01-13,Thailand,,2020-01-19,"Faculty of Medicine, Chulalongkorn University"
BetaCoV/Taiwan/2/2020,EPI_ISL_406031,GISAID,,Complete/2 degenerate bases,Homo sapiens,2020-01-23,China / Taiwan / Kaohsiung,Centers for Disease Control (Taiwan),2020-01-27,Centers for Disease Control (Taiwan)
2019-nCoV/USA-CA1/2020,MN994467,GenBank,EPI_ISL_406034,Complete,Homo sapiens,2020-01-23,United States / California / Los Angeles,California Department of Public Health,2020-01-27,"Division of Viral Diseases, Centers for Disease Control and Prevention"
2019-nCoV/USA-CA2/2020,MN994468,GenBank,EPI_ISL_406036,Complete,Homo sapiens,2020-01-22,United States / California / Orange County,California Department of Public Health,2020-01-27,"Division of Viral Diseases, Centers for Disease Control and Prevention"
2019-nCoV/USA-AZ1/2020,MN997409,GenBank,EPI_ISL_406223,Complete,Homo sapiens,2020-01-22,United States / Arizona / Phoenix,Arizona Department of Health Services,2020-01-28,"Division of Viral Diseases, Centers for Disease Control and Prevention"
2019-nCoV WHU01,MN988668,GenBank,EPI_ISL_406716,Complete,Homo sapiens,2020-01-02,China / Hubei / Wuhan,"State Key Laboratory of Virology, Wuhan University",2020-01-23,"State Key Laboratory of Virology, Wuhan University"
2019-nCoV WHU02,MN988669,GenBank,EPI_ISL_406717,Complete,Homo sapiens,2020-01-02,China / Hubei / Wuhan,"State Key Laboratory of Virology, Wuhan University",2020-01-23,"State Key Laboratory of Virology, Wuhan University"
2019-nCoV/USA-WA1/2020,MN985325,GenBank,EPI_ISL_404895,Complete,Homo sapiens,2020-01-19,United States / Washington / Snohomish County,Providence Regional Medical Center,2020-01-24,"Division of Viral Diseases, Centers for Disease Control and Prevention"
2019-nCoV/USA-IL1/2020,MN988713,GenBank,EPI_ISL_404253,Complete/8 degenerate bases,Homo sapiens,2020-01-21,United States / Illinois /Chicago,"Pathogen Discovery, Respiratory Viruses Branch, Division of Viral Diseases, Centers for Dieases Control and Prevention",2020-01-25,IL Department of Public Health Chicago Laboratory
BetaCoV/Wuhan/IPBCAMS-WH-01/2019,GWHABKF00000000,Genome Warehouse,"EPI_ISL_402123, MT019529",Complete,Homo sapiens,2019-12-23,China / Hubei Province / Wuhan City,"Institute of Pathogen Biology, Chinese Academy of Medical Sciences & Peking Union Medical College",2020-01-11,"Institute of Pathogen Biology, Chinese Academy of Medical Sciences & Peking Union Medical College; Vision Medicals Co., Ltd"
BetaCoV/Wuhan/IPBCAMS-WH-02/2019,GWHABKG00000000,Genome Warehouse,"EPI_ISL_403931, MT019530",Complete/high SNV density,Homo sapiens,2019-12-30,China / Hubei Province / Wuhan City,"Institute of Pathogen Biology, Chinese Academy of Medical Sciences & Peking Union Medical College",2020-01-21,"Institute of Pathogen Biology, Chinese Academy of Medical Sciences & Peking Union Medical College"
BetaCoV/Wuhan/IPBCAMS-WH-03/2019,GWHABKH00000000,Genome Warehouse,"EPI_ISL_403930, MT019531",Complete,Homo sapiens,2019-12-30,China / Hubei Province / Wuhan City,"Institute of Pathogen Biology, Chinese Academy of Medical Sciences & Peking Union Medical College",2020-01-21,"Institute of Pathogen Biology, Chinese Academy of Medical Sciences & Peking Union Medical College"
BetaCoV/Wuhan/IPBCAMS-WH-04/2019,GWHABKI00000000,Genome Warehouse,"EPI_ISL_403929, MT019532",Complete,Homo sapiens,2019-12-30,China / Hubei Province / Wuhan City,"Institute of Pathogen Biology, Chinese Academy of Medical Sciences & Peking Union Medical College",2020-01-21,"Institute of Pathogen Biology, Chinese Academy of Medical Sciences & Peking Union Medical College"
BetaCoV/Wuhan/IPBCAMS-WH-05/2020,GWHABKJ00000000,Genome Warehouse,"EPI_ISL_403928, MT019533",Complete,Homo sapiens,2020-01-01,China / Hubei Province / Wuhan City,"Institute of Pathogen Biology, Chinese Academy of Medical Sciences & Peking Union Medical College",2020-01-21,"Institute of Pathogen Biology, Chinese Academy of Medical Sciences & Peking Union Medical College; China National Center for Bioinformation"
2019-nCoV_HKU-SZ-002a_2020,MN938384,GenBank,EPI_ISL_406030,Complete,Homo sapiens,2020-01,China / Guangdong / Shenzhen,University of Hong Kong-Shenzhen Hospital,2020-01-14,University of Hong Kong-Shenzhen Hospital
2019-nCoV_HKU-SZ-005b_2020,MN975262,GenBank,EPI_ISL_405839,Complete,Homo sapiens,2020-01,China / Guangdong / Shenzhen,University of Hong Kong-Shenzhen Hospital,2020-01-21,University of Hong Kong-Shenzhen Hospital
BetaCoV/Guangdong/20SF040/2020,EPI_ISL_403937,GISAID,,Complete,Homo sapiens,2020-01-18,China / Guangdong Province / Zhuhai City,Guangdong Provincial Center for Diseases Control and Prevention; Guangdong Provincial Institute of Public Health,2020-01-22,"Department of Microbiology, Guangdong Provincial Center for Diseases Contorl and Prevention"
BetaCoV/Guangdong/20SF028/2020,EPI_ISL_403936,GISAID,,Complete,Homo sapiens,2020-01-17,China / Guangdong Province / Zhuhai City,Guangdong Provincial Center for Diseases Control and Prevention; Guangdong Provincial Institute of Public Health,2020-01-22,"Department of Microbiology, Guangdong Provincial Center for Diseases Contorl and Prevention"
BetaCoV/Guangdong/20SF025/2020,EPI_ISL_403935,GISAID,,Complete,Homo sapiens,2020-01-15,China / Guangdong Province / Shenzhen City,Guangdong Provincial Center for Diseases Control and Prevention; Guangdong Provincial Institute of Public Health,2020-01-22,"Department of Microbiology, Guangdong Provincial Center for Diseases Contorl and Prevention"
BetaCoV/Guangdong/20SF014/2020,EPI_ISL_403934,GISAID,,Complete,Homo sapiens,2020-01-15,China / Guangdong Province / Shenzhen City,Guangdong Provincial Center for Diseases Control and Prevention; Guangdong Provincial Institute of Public Health,2020-01-22,"Department of Microbiology, Guangdong Provincial Center for Diseases Contorl and Prevention"
BetaCoV/Guangdong/20SF013/2020,EPI_ISL_403933,GISAID,,Complete,Homo sapiens,2020-01-15,China / Guangdong Province / Shenzhen City,Guangdong Provincial Center for Diseases Control and Prevention; Guangdong Provincial Institute of Public Health,2020-01-22,"Department of Microbiology, Guangdong Provincial Center for Diseases Contorl and Prevention"
BetaCoV/Guangdong/20SF012/2020,EPI_ISL_403932,GISAID,,Complete,Homo sapiens,2020-01-14,China / Guangdong Province / Shenzhen City,Guangdong Provincial Center for Diseases Control and Prevention; Guangdong Provincial Institute of Public Health,2020-01-22,"Department of Microbiology, Guangdong Provincial Center for Diseases Contorl and Prevention"
BetaCoV/Zhejiang/WZ-01/2020,EPI_ISL_404227,GISAID,,Complete,Homo sapiens,2020-01-16,China / Zhejiang Province,Zhejiang Provincial Center for Disease Control and Prevention,2020-01-21,"Department of Microbiology, Zhejiang Provincial Center for Disease Control and Prevention"
BetaCoV/Zhejiang/WZ-02/2020,EPI_ISL_404228,GISAID,,Complete,Homo sapiens,2020-01-17,China / Zhejiang Province,Zhejiang Provincial Center for Disease Control and Prevention,2020-01-21,"Department of Microbiology, Zhejiang Provincial Center for Disease Control and Prevention"
BetaCoV/Wuhan/HBCDC-HB-01/2019,EPI_ISL_402132,GISAID,,Complete,Homo sapiens,2019-12-30,China/Hubei Province,Wuhan Jinyintan Hospital,2020-01-19,Hubei Provincial Center for Disease Control and Prevention
BetaCoV/Nonthaburi/74/2020,EPI_ISL_403963,GISAID,,Complete,Homo sapiens,2020-01-13,Thailand/ Nonthaburi Province,Bamrasnaradura Hospital,2020-01-17,"Department of Medical Sciences, Ministry of Public Health, Thailand; Thai Red Cross Emerging Infectious Diseases - Health Science Centre; Department of Disease Control, Ministry of Public Health, Thailand"
BetaCoV/Nonthaburi/61/2020,EPI_ISL_403962,GISAID,,Complete,Homo sapiens,2020-01-08,Thailand/ Nonthaburi Province,Bamrasnaradura Hospital,2020-01-17,"Department of Medical Sciences, Ministry of Public Health, Thailand; Thai Red Cross Emerging Infectious Diseases - Health Science Centre; Department of Disease Control, Ministry of Public Health, Thailand"
BetaCoV/Wuhan/IVDC-HB-04/2020,EPI_ISL_402120,GISAID,,Complete,Homo sapiens,2020-01-01,China / Hubei Province / Wuhan City,"National Institute for Viral Disease Control and Prevention, China CDC",2020-01-11,"National Institute for Viral Disease Control and Prevention, China CDC"
BetaCoV/Wuhan/IVDC-HB-01/2019,EPI_ISL_402119,GISAID,,Complete,Homo sapiens,2019-12-30,China / Hubei Province / Wuhan City,"National Institute for Viral Disease Control and Prevention, China CDC",2020-01-10,"National Institute for Viral Disease Control and Prevention, China CDC"
BetaCoV/Wuhan/IVDC-HB-05/2019,EPI_ISL_402121,GISAID,,Complete,Homo sapiens,2019-12-30,China / Hubei Province / Wuhan City,"National Institute for Viral Disease Control and Prevention, China CDC",2020-01-10,"National Institute for Viral Disease Control and Prevention, China CDC"
BetaCoV/Kanagawa/1/2020,EPI_ISL_402126,GISAID,,Partial,Homo sapiens,2020-01-14,Kanagawa Prefecture / Japan,"Department of Virology III, National Institute of Infectious Diseases",2020-01-16,"Department of Virology III, National Institute of Infectious Diseases"
Wuhan-Hu-1,MN908947,GenBank,NC_045512,Complete,Homo sapiens,2019-12,China / Hubei Province / Wuhan City,,2020-01-17,"Shanghai Public Health Clinical Center & School of Public Health, Fudan University, Shanghai, China"
